"['Personally I would go for OnShape, unless you mind your models being freely accessible (not like somebody actually would) - you can design the whole thing and then export whatever you want to for printing. Also, it is parametric, unlike classic 3D software (3DSMax/Maya/Blender), so you can make your dimensions calculated off other dimensions etc.  \nSecond option would be FreeCAD, but it is...wonky. Big fan of opensource, but it is not great to be honest.  \nFusion306 is fine.  \nGenerally speaking, parametric modeling is substantially different experience from Blender, but much more suitable for mechanical design. If you were going to some artsy stuff I would say: ""Go nuts with blender"", but not for this.', 'Love Onshape - it‚Äôs a modern cloud based version of solid works. Fusion 360 is also good. \n\nBambu Labs Printer is a no brainer if you value your time at all dead simple, fast, and reliable.', ""Yeah, for some the printer is the project so you are expected to tinker a bit.\n\nThat being said, OP don't agonize on choosing the right printer, and you can start without spending 1000$+. I own a Prusa and an Anycubic Kobra Max: the prusa do make better prints, but the kobra was cheaper while having a way bigger printing area. You can start with a cheaper printer and upgrade it later if you discover you really like printing the objects you just designed.""]"
"['This guy is the same as everyone else in the AI field. The scientists and engineers develop them, they sell it to monopolies like Google and Microsoft that profit from it and everyone else is stuck with the consequences. I am shocked that DeepMind haven‚Äôt come out and addressed or even acknowledged this unfair advantage that they seem to bestow on the lottery ticket winners of capitalism']"
"['Question: ""Are you capable of being bullied?""\n\n&#x200B;\n\nChatGPT: ""As an AI language model, I am not capable of being bullied in the same way that humans can be. I am a software program designed to process and generate text based on the input that I receive. While I can be programmed to respond to specific types of language and behavior, I do not have emotions or feelings, and therefore cannot experience the emotional impact of bullying. However, it\'s important to remember that bullying is never acceptable, and it\'s essential to create a safe and respectful environment for everyone.""']"
['The article mentions concerns with mental privacy which is valid but this could help people who are mute or have conditions such as locked in syndrome. \n\nWith all technology it can be used for good or bad.']
"[""Why don't you go ask ChatGPT, I' sure if you ask the right questions it will help you do it. Looks cool."", 'Is there a good resource online for getting to grips with the code for this? \n\nI‚Äôve just built one and I‚Äôve got it walking round the house via keyboard controls, but have only briefly glanced through the code. \n\nCan code a bit but don‚Äôt really know where to get started here. \n\n<Also, I‚Äôm fairly certain that A and D on the keyboard were rotating the robot, but they‚Äôre now strafing. Not sure why that is or if I just interpreted the movement wrongly at first (while it was on a slightly unstable surface consisting of a table top and a towel). Is there a reliable way to achieve on the spot rotation? That would be a great starting point for me!>']"
"[""I think it's a fair tradeoff, having a tiny increase in battery size to remove 1 to 2 wheels (hardware always fails, so replacing hardware by software is a win imho) and increased mobility seems like a good trade in my opinion""]"
"['She married an ATM machine. They live in Hokkaido now.', ""I bought her 7 years ago on the Japanese black market, she's been in my room as a Japanese slave maiden waifu ever since then. And no you cannot have her. Her name is cinnamon, FYI"", ""It's just I care, and nothing has been said for 7 years. I dunno she looks very real and it just doesn't make me feel good that someone can make her and then discard her.\n\nOne day we actually might get androids like in dbh, or Chobits and it will be the same. The reason is I just have a big heart, probably too much for my own good. It's nothing bad just I'm a sentimental person, if you can understand."", 'I tried twice they said, this.\n\n\n**Thank you for your inquiry.\nThis is\xa0Toshiba\xa0corporation Customer Information Center.**\n\n**The project for the product you inquired about has already ended.\nWe tried to find the right section for the product, but we could not find it.**\n\n**We must ask for your understanding on this matter, and are sorry not to have been of more help.**']"
"['1985 Matchbox Cargantua\n\n""This playset provides the capacity to store up to 13 vehicles and has launchers in both the feet and hands. The figure itself stands at approximately 18 inches! Tracks can be arranged to provide a path for cars launched from the hands or as wings for Cargantua.""\n\nTaken from this auction listing:\n\nhttps://www.worthpoint.com/worthopedia/matchbox-cargantua-box-robot-playset-499255807']"
"['It is a pleasure, I hope people think it is useful and I can help some people to learn and build this project. üòÉüëç']"
"['I‚Äôve actually seen a few irl.  I go to community college in the US but when touring/staying at the college I‚Äôm transferring to with my friend I saw these all over the campus.  They delivered food to students‚Äô dorm rooms and if I recall correctly they had a few audible phrases like ‚Äúexcuse me‚Äù(if someone was in the way) and something like ‚Äúplease help me‚Äù (if one was tipped over) and ‚Äúthank you‚Äù (after being uprighted).  Most of the students were quite fond of the food robots because they were kind of adorable, brought food, and the phrases definitely served to humanize them.  Never saw anyone mess with any of them.']"
"['I dunno‚Ä¶.. 8 year old me is saying robots are cool, but 10 chocolate bars are 10 chocolate bars. \n\nMaybe I‚Äôm jaded by the Sea Monkeys. The ad said they would appear to obey my commands']"
"['...and when all was said and done, the duct tape and aluminum foil were peeled back revealing human bone üíÄ', 'This guy keeps posting these ""robots"" to this sub like all the time. I don\'t mean to be rude OP but surely there is another sub to post these mannequins. This sub is more focused on things that actually contain electronics that have power and are programmed. I appreciate your enthusiasm though.', '1. (especially in science fiction) a machine resembling a human being and able to replicate certain human movements and functions automatically.\n""the robot closed the door behind us""\n\n2. a machine capable of carrying out a complex series of actions automatically, especially one programmable by a computer.\nnoun: robot; plural noun: robots\n""half of all American robots are making cars or trucks""\n\nIt\'s more art of a robot than a robot, by the definition of robot you are just incorrect. OP\'s project cannot do anything automatically.\n\nOnce again for the love of god, I\'m not shitting on the dude, I think it\'s a cool project. But I wanted to try and see if there are other communities that will overall appreciate his work more and might actually be able to help him with resources to learn from or make a career out of it. He\'s clearly very passionate about this project.', ""When you find those other communities, you'll be in a place to help them find their right place. Right now though, without that extra step, you're just pushing them out of this community: gatekeeping.""]"
"[""Construction robots, mostly. Sure, the Boston Dynamics stuff is impressive in terms of sensors and control, but the demos are rarely about achieving a specific goal.\n\nThe Sand Flea had some impressive moves. Various wall-climbing robots are also interesting. The ANYmal with wheels is quite intriguing, although I'd like to see a version with six wheel/leg/manipulator limbs, maybe taking inspiration from the [NASA ATHLETE lunar rover prototype](https://www.youtube.com/watch?v=gDvoe091tk4).""]"
"['>\tStacy Stephens, executive vice president and chief client officer at Knightscope, told the Philadelphia Inquirer that the robots are ""looking for known threats, people to whom you\'ve issued criminal trespass warnings, terminated employees, or domestic abusers."" The robots are not meant to replace security guards, but to help companies with situational awareness and criminal prosecution, per Stephens.\n>\t\n>\tLowe\'s decision to test these autonomous robots comes as retailers have been sounding the alarms about rising levels of theft.\n\nNone of these explanations make much sense. Stationary security cameras can spot ‚Äúundesirables‚Äù as well as robots. A robot standing in the parking lot isn‚Äôt going to stop you from slipping a screwdriver into your pocket while inside the store.\n\nSeems like a big budget purchase to try to sweep inflated profits under the rug. They did well enough last year to do $2B in stock buy backs but only bonuses of just $0.2B to its store employees, 2/3rds of which went to management. That‚Äôs after $14B in stock buy backs in 2021. (All from their [own corporate press release](https://corporate.lowes.com/newsroom/press-releases/lowes-reports-fourth-quarter-2022-sales-and-earnings-results-03-01-23) from 2 weeks ago.)', '>You consider stores protecting itself from theft greed?\n\nNot what I said. But I\'ll bite..\n\nTo clarify, an overpriced roving camera doesn\'t make me ""safe"" in any way. It *might* help identify a perp that mugs me, it *might* capture the plate of a person who runs me over in the parking lot. It will not prevent either of those things. It may deter some casual crimes, it may not.  It won\'t stop things like this either. \n\nI would wager that they spend much more on this machine than a comparable staffing of loss prevention personnel. I think it IS likely to replace a human loss prevention agent, it is likely to save them money on benefits, payroll, training over time. But that also doesn\'t keep me safe. Do you think it makes the people it will eventually replace ""safe""? \n\nGiven the checkered history of law enforcement in America, do you really feel safe being policed by corporate machines? Will it one day be equipped with tasers or more lethal weapons? How secure is it, can it be easily compromised and turned into a weapon? Who makes sure, where are the regulations governing it\'s use? Is it ethical to employ such technologies without affirmative guardrails?\n\nAre there not business insurance policies available that can ""protect"" Lowes from theft already? Is it greed that prevents them from purchasing this coverage? \n\nIf the power tools are already in a locked cabinet, why do we need to accept some Orwellian ""feature"" that [allows the merchant to enable/disable](https://www.digitalcommerce360.com/2023/01/19/lowes-pilots-new-way-to-prevent-theft-at-stores/) them?  RFID technology is already used by criminals at ATM\'s, in crowds to read cards in your pocket and who knows what else. I don\'t want my name, address and the tools I own in a block chain for criminals to gather & use either. \n\nTheir earning report indicates a profitable company. Seems to me some of those profits could be better spent on salaries, training, benefits to improve the store experience. I shop there regularly and getting assistance, let alone knowledgeable assistance in their stores is often, difficult, time consuming and frustration inducing. When I am spending hundreds to thousands of dollars a shot, it is also insulting. \n\nA corporation the size of Lowes is introducing these robots as a way to increase profits or as a marketing gimmick. Make no mistake, their #1 goal is to increase shareholder value and grow profits. The proper word for having a primary goal of acquiring as much money as possible is arguably: GREED.']"
"['I\'m going to be that guy and point out that as long as you only have CG, you can\'t show any of it actually works as you want. But you probably knew that.\n\nWhat I am interested in, what you could already answer, is what kind of range/weight you have calculated for the arm, as that will influence what it can do.\n\nWhat seems off to me, where I would suspect actual issues, are the wheels. It is unlikely that you will have a smooth surface and or reliable traction and you probably will need some kind of suspension. That\'s been addressed and solved in the RC car hobby industry, so you can probably find the parts you would need, but you still need to integrate them into the design.\n\nOverall you put a lot of effort into it and given some more time to solve upcoming problems, it could very well work. And most importantly, you have sunk enough time into it that I would believe you want to see it finished. ""promising but not finished""\n\nPretty nice overall, well done!', ""Best to rent it to know it's price... folk would start by renting them for a week to see the quality of the work. To rent one would cost about 100 dollars and it would do about 40-70 hours of human equivalent work in a week.\n\nIf it could bring in 3-5000 dollars of food, I'd pay 3 to 10k dollars for one. Food harvesting is fairly easy, [https://youtu.be/hVvs6\\_Wx2HM?t=7](https://youtu.be/hVvs6_Wx2HM?t=7)""]"
"['Curious how that would ever come to market. Gas stations already struggle to make a profit and in most places there‚Äôs no human paid to pump your gas so it‚Äôs not like they could replace employees. This seems like it would just be an expensive and costly thing to maintain for no gain.\nThough I guess there are a few states and locales where you aren‚Äôt allowed to pump your own gas. Just doesn‚Äôt seem like a huge market.', 'There‚Äôs probably a handful of locations where there‚Äôs the population/automobile density, high unskilled labor cost, and specific local laws where this could make sense\n\nNorthern New Jersey for example where gas must be pumped by an attendant and cost of living is inflated because of New York City. Labor costs there are 20k+ a year per quick google. You could replace 3 attendants by running this 24hrs. So even at a cost of 100k and 10k yearly maintenance and running cost, the break even is 2 years per robot\n\nThere‚Äôs still downsides obviously. Getting a population to register for the app and switch to the caps will come at cost, but if you‚Äôre the only station with gas available between 2-5am there are people on odd shifts who will jump through those hoops']"
"['The Daily Mail is never a reliable source, please do not link to them.']"
"['Yeah, experts said that AI wouldn‚Äôt touch ‚Äúcreative‚Äù fields and yet artists are shitting their pants while plumbers are quite calm.']"
"['You mean that AI will be different from a psychopath human - like for example Musk. Yes that is true but AI can be very intelligent and still do nothing. So it really is the human controller that is responsible for it. And of course there is no way to program a ethical or moral model in AI that a learning evolving model will not learn a workaround for. Also the creators themselves so far seem to just let it run free in the wild and then discipline it like a child until it is socialized to behave like a mode human, which in todays society is to dabble in the grey area and don‚Äôt kill anyone directly but indirectly like self driving car development is fine']"
"['I just see it as incredible, in all honesty. All I get from it is that the first generation of robots are gonna have the most loving parents ever, because all these engineers are just so dang passionate about their work', 'Yeah because they know they are gonna introduce the world to new technology. Imagine if you developed a robot who can provide different services at a restaurant. It surely will make you feel pride.']"
"[""Yeah I know, though it's odd we haven't heard anything about her since. Toshiba said that by 2024 they would have one in every home or something? *I certainly wouldn't mind*üòä"", ""Well this video has terrible audio quality and it's her German voice. Her English voice is better but sounds monotone, but not this bad. Also I can't help but stare at those legs of hers, they look so soft and real. It'd one thing they don't need to change. ü•∞""]"
"[""I can't help but backronym is the phrase for what you are trying to do.""]"
"[""One could argue that there is already such a robot.\n\nIt is just not the size you are expecting and doesn't replicate on the timescale you are imagining either.\n\nIf you think about it, earth is a giant robot that is doing it's hardest to replicate.\nGiven enough resources and time and barring an apocalypse, humanity will probably transform a celestial body into another earth sooner or later \n\nBut in seriousness: \nYou could probably build a self replicating robot today, that is, one that can construct a second version of itself given the exact components it is made of.\nEven a robot that can build itself from current refined resources might be possible with today's technology given enough money, but it would probably be the size of a large factory complex and might still require a breakthrough or two in automation and material technology.\nA robot that can replicate itself from raw resources found in the cosmos (and can travel said cosmos) as a van Neumann probe is simply not feasible with current technology unless you count planet sized robots that replicate over billions of years as of outlined above."", 'I‚Äôve been working the stormlight archives while I wait. No one ever said Sanderson doesn‚Äôt write enough üòÜ']"
"['No, they lack the capacity to learn in the current state. Future software evolution and updating could create that scenario, but it would require a lot of work in heuristics and neural network research to get to evolution at all, and then to put it appliance-level platforms.']"
"['The little mermaid poster looks exactly like a reboot by Tim Burton\n\nThe home alone one, that just looks fucking depressing\n\nHonestly, a clockwork, Orange is probably a better poster than the original\n\nIron man‚Ä¶ lmao\n\nShrek 2‚Ä¶ Wtff']"
"[""As someone who was feeling a little starved of good scifi, thank you!\n\nIf you ask me though, For All Mankind barely gets a pass as scifi. So heavy in people drama with a light glaze of space action that seems to be just enough to generate more people drama. I keep watching though.\n\nI'll add a few more: Severance, Foundation, Andor."", "">For All Mankind barely gets a pass as scifi. So heavy in people drama with a light glaze of space action that seems to be just enough to generate more people drama. I keep watching though.\n\nSame! I grew up in the 80's so it's like watching my childhood.. just a little different.. and keeps me watching!\n\n> Severance, Foundation, Andor.\n\nyes! yes! yes!""]"
['https://www.snopes.com/fact-check/ai-robots-kill-scientists/\n\nThis is a false story. Robots anywhere near capable of what is told in this story.']
"[""It's two 24V brushless motors (80rpm, 1:100 gear) from aliexpress (costing about 40 bucks each). They actually have some PWM speed control functionality built into them, but that didn't work too well (at low speeds, high torque almost instantly overheats the internal electronics, so it shuts itself down).  So I hacked into some buck/boost modules I also had lying around, allowing me to go from 6-12V to anywhere between 0-24V controlled by the arduino on top, while also limiting the max current to 0.8A (using only a fraction of that for normal operation). And as the motors also output 600 Hall signals per revolution (after the gears), I'm using that with the Arduino to update the voltage hundreds of times per second using my own PID-like feedback to get really fine-grained control. In fact, this is actually only 20% of its max speed, and it can fairly smoothly go from even slower to really/scarily fast. And what also really helps is that the mechanism itself runs really smoothly, of course, allowing momentum alone to keep it going for a full revolution, i'd estimate, if i'd turn it upside down.""]"
"['generally depends radius of piece vs size of hole drilled. also on type of wood and grain direction. \n\nthat being said, drill straight down. when forstner bit first starts cutting if the central brad is not in contact with material there is a great deal of sideways force, the bigger the bit - the more force. tis is why clamping is a must.\n\nas far as speed, the bigger the bit - the slower the speed. use your drillpress instructions to set the right one.\n\ncheers']"
"[""You're fine with sending robots in to do a dangerous job nobody wants to do right?  Like in a nuclear reactor or down in a toxic gas filled mine.  You don't think it's pathetic to send a robot for that, right.\n\nWell some unattractive fellas could use a little help down there.  This is a dangerous job nobody wants to do.  Sex workers are rare and have to be highly compensated for the risks."", 'Yea ok fair point. It‚Äôs not actually the sex part that makes it weird to me. It‚Äôs how sex and emotional connection is seen as ok to separate. Objectifying it. It just seems like a step in the wrong direction to me. But I‚Äôm entitled to my opinion right? That‚Äôs why we‚Äôre here. I do like your point tho. It is a dirty job. Then again I bet there are plenty of people longing to do it too. I like robots. Just not humanized ones. It‚Äôs creepy to me. So to see sex robots, and making sex about ‚Äúooh baby, yes daddy‚Äù, it just seems kind of fucked up. You must get where I‚Äôm coming from at least a little bit right? Like why don‚Äôt we make snuff robots, ‚Äústrangle me baby, kill me daddy!‚Äù What could go wrong? I‚Äôm sure the future is gonna be fucking great! It‚Äôll be fine.', ""So there is something interesting here.  I read about a sex preference study, for was it voles?  Some convenient small mammal that chirps to attract mates.\n\nKey finding: the researches digitally generated a more complex chirp than the actual males were capable of emitting, and it lured the females more than the 'real thing'.\n\nObviously eventually 'sex robots' can be made to look like supermodels do in the magazines *after* the photoshop, all the time, and they never age or have to poop or get an STD.  Or have any *preference* other than trying to get positive reactions out of whoever they are rented to.  (presumably at high levels of technology we would find some way to code human reactions as positive or negative, so they wouldn't just be trying to make their targets have an orgasm but also laugh, etc.  This will have issues when the optimization goes too far).\n\nOn Eleuther AI we joke about 'catgirls' as something we would like to see made possible through highly advanced AI.  It's what it sounds - a sex robot that is some combination of pet cat and 'girl' who acts like she is a japanese 'waifu' as portrayed in anime.  Which traits come from cats is an optimization problem.\n\nAs for evolutionary psych, why does it matter.  Either this robotic technology will soon be so advanced humans no longer are needed, or we'll use it to find cures for aging so we don't endlessly need to churn new humans to replace the ones that die.""]"
"[""I've very similar concepts over the year but none of this ever seem to have a capacity for texture sensing. It's easy enough to detect pressure, contact and even heat but not so much texture.""]"
"['Are you open to taking suggestions for robotic candidates? Or do you already have a grand vision in mind for the rest of the picture?', 'In my mind, he‚Äôs definitely a robot; at the very least he‚Äôs however close you think the definition of a robot and a mech with a personality are. He can function entirely by himself, has full blown conversations with his pilot, when being piloted he‚Äôs still providing tactical analysis (ie he‚Äôs not just ‚Äúturned off‚Äù), and over the course of the story he‚Äôs based in, he forms a real connection with his new pilot.']"
"['hear me out, fairy wings']"
"['## 2009\n\nPutin, to oligarch: ""We need to develop top secret robotic weapon. If I give you 5 billion Robux, can you build?""  \n\nOligarch: ""Of course, of course comrade! Secret robot will be able to do what no other can do!"" (buys mansion)\n\n## 2012\n\nOligarch, with no money left: ""Comrade Putin! Top secret robot coming along very well! Erm, it can do amazing things! But still only maybe on par with average state of the art robot. What\'s that? You want to see it? Uh, well, it\'s... we just disassemble to begin rebuild more advanced than ever! I promise we\'ll set up meeting. In meantime, we need more funds. Yes, yes thank you comrade!"" (buys yacht)\n\n## 2015\n\nOligarch, with no money left: ""Comrade Putin! Top secret robot can... can now uh... ride ATV!!! Yes, that\'s it! Is so advanced humanoid robot it can drive ATV. No other robot can drive ATV. Uh, but, I need more Robux. It can only kind of drive ATV. More Robux and we can make it  drive ATV just like human! And shoot gun on ATV! Thank you, comrade!"" (buys private jet)\n\n## 2020\n\nPutin, to oligarch: ""When will I see top secret ATV driving robot? It\'s been 5 years since last check in, it is most advanced robot on Earth now, yes?""\n\nOligarch, sweating: ""Uh, yes, yes of course comrade!! ATV robot has come very long way. I can\'t show it to you right now though because it just went through another disassembly to rebuild and make even MORE advanced! I promise to schedule appointment to show you in 6 months. I require more Robox too.""\n\nPutin: ""I\'ve given you over 500 billion Robux already and you haven\'t shown me robot in all 11 years since project begins, I will give you more Robux but next time I need to see robot."" (oligarch buys second mansion)\n\n## 2022\n\nPutin after invading Ukraine: ""Oligarch, it is time. We must show top secret robot to world. I have given you almost $10 billion USD in Robux over last 13 years and I like what I have heard, so you are only one who can restore world\'s trust that Russia is indeed super-advanced world superpower! You must do demonstration of top secret ATV driving robot in one month for me and media! Ukraine will surely surrender once we do demonstration in front of world and announce mass manufacture of army of ATV death robots! These robots will win war for us! Turns out all of Russian Army oligarchs blew all of the money I give them on mansions and yachts and private jets, so army was much much weaker than we all thought. But I know you took money to build amazing robot comrade, so you are Russia\'s last hope!""\n\nOligarch, near heart attack: ""Uh, pfft, well uh, yeah, uh, sure, I just... yeah... yes. Yes comrade. We uh, we show world ATV driving robot in one... one month? No problem comrade... of *course* I spent money developing robot! (mutes phone and pukes, then hires university robotics club to put a remote control on an ATV and build something vaguely looking like a robot to sit on top)""\n\n## One month later\n\nBig media event:  \nPutin: https://i.imgur.com/r7zVKWq.png', '""We paid how much for this trash""']"
"['Not to be ""that guy"" but it\'s on the street! Wouldn\'t wheels have been a much more efficient way to get around?\n\nThat said, it\'s very cool (if a little terrifying) technology. Can\'t wait to see what the future brings!', 'I think it‚Äôs the way he walks lol those little robots step sounds is surely hilarious']"
"['That‚Äôs the size of a credit card, so not likely. They are just good for seeing how designs come out. If you want something engraved with your robodogs, happy to help.']"
['https://help.gov.ua/en']
"['Designer ""What aesthetic would you like your new helper bot to have?""\n\nCorporation ""Evil.""']"
['Are you a little high? Be honest']
"['Nowadays, robots are found in a growing number of areas where they collaborate closely with humans. Enabled by lightweight materials and safety sensors, these cobots are gaining increasing popularity in domestic care, where they support people with physical impairments in their everyday lives. However, when cobots perform actions autonomously, it remains challenging for human collaborators to understand and predict their behavior, which is crucial for achieving trust and user acceptance. One significant aspect of predicting cobot behavior is understanding their perception and comprehending how they ‚Äúsee‚Äù the world. To tackle this challenge, we compared three different visualization techniques for Spatial Augmented Reality. All of these communicate cobot perception by visually indicating which objects in the cobot‚Äôs surrounding have been identified by their sensors. We compared the well-established visualizations Wedge and Halo against our proposed visualization Line in a remote user experiment with participants suffering from physical impairments. In a second remote experiment, we validated these findings with a broader non-specific user base. Our findings show that Line, a lower complexity visualization, results in significantly faster reaction times compared to Halo, and lower task load compared to both Wedge and Halo. Overall, users prefer Line as a more straightforward visualization. In Spatial Augmented Reality, with its known disadvantage of limited projection area size, established off-screen visualizations are not effective in communicating cobot perception and Line presents an easy-to-understand alternative.\n\nFind the full article here: [https://www.mdpi.com/1424-8220/22/3/755/htm](https://www.mdpi.com/1424-8220/22/3/755/htm)']"
"[""Thank you.\n\nFor Zuko I am using threaded brass inserts, course thread screws, and press fit bearings. In this image, [https://imgur.com/A5BrUlW](https://imgur.com/A5BrUlW), you can see each part/technique.\n\nThe threaded inserts are for parts I may either want to disassembly/reassembly frequently, or for a tight fit with reduced risk of stripping out the hole, and/or to have proud shelf so parts can rest against the insert vs rubbing against the part. In my limited experience, rarely do threaded inserts fail outside of spinning due to the hole dimensions being too large. CNC Kitchen has a great video about threaded insert strengths: [https://www.youtube.com/watch?v=G-UF4tv3Hvc](https://www.youtube.com/watch?v=G-UF4tv3Hvc)\n\nThe servos are attached to the frame/hips by the course thread screw because if I need to remove the servo's I am likely also reprinting the associated frame portion. However, course thread screws have limited tightening cycles.\n\nThe lower leg bearings use a proud shelf: [https://imgur.com/oTVvZNC](https://imgur.com/oTVvZNC).\n\nThe upper leg bearings, connecting the upper leg and the lower leg's cranking bridge, are pressed fit using a C-clamp (a benchtop vise would be a better tool). Dialing the right part dimensions is tricky especially with shrinking material such as ABS.\n\nThere are times when inserting a nylon locking nut into a hexagon hole provides the tightening ability required. For example, these studio light tripod adapter/mounts requires a fair bit of tightening: [https://imgur.com/yAc6mp5](https://imgur.com/yAc6mp5)\n\nHope this helps.""]"
"['feature?\n\nsinging probably helps people pay better attention to where the robot is at, verses just a constant vacuum noise and accidentally sneaking up on someone']"
"['It\'s not a voice actor, don\'t be silly! It\'s a common text-to-speech interface you find in other robots too, e.g. Pepper.  \nThey are probably running some script based on GPT-3 and have a human supervising it. It has a lot of standard answers hard coded, like Pepper has (""What is your name"", ""Are you a boy or a girl"" etc.). But doing this reliable in such an environment is very unreliable (Sound distortion, large groups taking simultaneously, etc.) so those demos are usually supervised, and if things do not work the wizard takes over. The operator usually sees and hears through the robot\'s cam and audio interface, maybe having an extra camera for overview. It is rather common to do that.  \nThis dialogue clearly was typed by a human IMHO. ""Are you asking for a friend"" is not an answer anyone would prepare or that would work well in a usual conversation, left alone the comeback ""I take that as a yes"" as there is nothing triggering this reply. A human typed that seeing a joyful group videotaping the robot. This viral stuff sells your product.\n\nThe motions are just hard coded to the speech, they are not super specific. They are just to beat the uncanny valley as it is perceived more vivid. To recognize a face and lock it in is also not super hard anymore, you find that in other robots e.g. Pepper again.', ""I could see this interaction being puppeteered as it seemed a little more advanced than the other interactions.  However, I've watched several videos from CES and I know for a fact many of the interactions are completely controlled by the AI.  There's no way you can consistently type as fast and as free from mistakes throughout the day to respond as fast as the robot did.  You can't even select from a list of responses with as fast as the robot was responding in real time.  Some of the motions are hard coded sure, but there's definitely some that are completely reactionary to the environment.  \n\nEven in this specific video, I'm not sure the interaction was that advanced that it couldn't be done by a robot.  The robot used inflection in even its most canned and repeated responses, so that's not a good indication that it was puppeted.  Even in canned responses that were controlled by the AI, it can use a variety of permutations to make the speech sound more varied.  It's not too hard for the developers to see this question being asked and prepare a variable script that the robot can then select responses in real time.  I wish the developer would have been more clear on what interactions were controlled by the AI or not, but there's plenty of evidence that a good chunk of the interactions were in fact controlled by AI."", ""I do have a question actually.  If it's done by a human, do you think it's through a microphone or is there someone selecting responses on a computer?  If it's through a voice artist, why even limit themselves to the pre-recorded lines they did?  You can have the full range of human interaction since you're interacting with a human, so if they were duping people that way, why stop where they did?  If it's through some guy on a keyboard selecting pre-recorded responses, I guarantee it's AI that's selecting the responses for the human to confirm as there's no way a human can sort through a huge list of responses that fast and select the right one.  If you're already to that point, why not just cut out the middle man?  I think the explanation that makes the most sense is exactly what I said.  The canned responses they used to answer many of the human questions in a low density environment was performed entirely by the AI of the robot, and I think this is well within the capabilities of today's AI.  Some of the more dynamic interactions with the larger crowds may have been performed by a voice actor.  I think this is the explanation that makes the most sense."", ""I've been following robot development for a very long time and know what they're capable of.  Not to mention that just because you're in the field doesn't mean that you're right.  Oftentimes, the opposite is true where people within the field underestimate other approaches.  This is a real effect and probably due to the fact that they put a lot of work into another concept and struggled to make it work, so they end up having a bias against other concepts because of it.\n\nI wasn't asking a question either.  I know for a fact the majority of both physical and verbal interactions were controlled by AI.  Maybe some of them were puppeteered, but the majority weren't and their spokesperson even said the same when interviewed."", ""Also, there's no way the vast majority of vocal interactions were typed or even selected from a list.  This conference lasted for hours and there's thousands of people checking the robot out during that time.  Also words are spoken at 150 wpm, while professional typists are usually under 100 wpm.  There's no way any human has the stamina to type out responses in the exact same way without any mistakes for every little interaction in an hours long conference.  Using a keyboard to select from a huge range of responses is also implausible for largely the same reason.  The speed the robot was responding was too fast and consistent for either of these explanations to make sense.  \n\nThat just leaves someone operating through a microphone or that the robot was in fact controlled by AI.  For the vast majority of interactions, I don't believe any person has the stamina to repeat those same long, specific lines over and over again in the exact same way throughout an hours long presentation.  That leaves the only plausible explanation that the robot was controlled by AI the majority of the time."", 'The lines said in this video seem improvised by a human. They could have aranged a set of prefixed answers to questions before hand, and may have recorded them or pronounced them live. Since this is a single animatronic for marketing, there is perfect sense in having a human reply to questions, as actually deploying a set of tools to do that would be much more complicated. The only set of machine learning tools that could get close to this level would be a GPT like language model for generating what to say, and an off-the-shelf text-to-speech engine. \nThat said, again, the impressive thing here is how realistic facial muscles look, and that‚Äôs probably what they want to sell, but the rest is teleoperated by a human most certainly, and there may be both live speaking through a mic and selecting a set of pre-recorded responses.']"
['[https://venturebrothers.fandom.com/wiki/H.E.L.P.eR](https://venturebrothers.fandom.com/wiki/H.E.L.P.eR).\n\nfound it by googling what the first comment said']
['She does.\n\nThough to be fair she‚Äôs powered by the brain of a dead child and another A.I. fried all but her most necessary servers so she‚Äôs kinda dumb. She‚Äôs been compared to ‚Äúa teenage GLaDOS‚Äù lol']
"['The way a plow works is you need a lot of power to push your vehicle forward. This is why we made dedicated snowplow vehicles rather than make a jeep attachment (though I‚Äôm sure that exists somewhere). These robots probably only have enough power to move forward at a brisk rate - on properly maintained roads. No way they have enough power to make deliveries AND plow snow, not with the battery and motors they have at least. \n\nThe other guy said spinning bristles worked but notice, powered method of removing snow. But also consider that again, that‚Äôs power being sucked out of your battery, which reduces your operational range when you need to deliver while plowing snow. It‚Äôll work, so long as your customers aren‚Äôt literally at the edge of your clear road operational range.']"
"[""Benefits of robotics\r  \nThe first steps taken during the Industrial Revolution do not hold a candle to the tremendous momentum produced by the development of computer science and telecommunications. These machines are becoming increasingly intelligent and capable of performing more activities with prodigious precision, and their behaviour can be programmed and analysed to improve their performance.\r  \n\r  \nAnd it is because robots are designed to help humans. As the consulting firm Deloitte points out, robotics programmes help companies and organisations increase their productivity, reduce costs and adapt their production according to demands, as they can work 24 hours a day, seven days a week. Moreover, thanks to the use of computing, they generate data that can be analysed to optimise their use.\r  \n\r  \nUses of robotics\r  \nDigitalisation and connectivity growth allows for improved automation processes, one of the most important features of robotics. The following are some of the most prominent examples of the use of robot programming:\r  \n\r  \nMedicine: in Spain, robotic surgery is a well-established reality already in hospitals such as the Fundaci√≥n Jim√©nez D√≠az in Madrid. Thanks to the use of the Da Vinci Xi robot, the surgical approach to rectal cancer achieves positive oncological results and a reduction in postoperative pain, thus reducing hospital stays.\r  \nAutomotive sector: it is one of the major beneficiaries and promoters. Japanese automotive companies such as Toyota, Honda and Mitsubishi, among others, have been stimulating innovation in machinery, and consequently in robotics, since the 1970s. The near future lies in the autonomous car.\n\n\r  \nEnergy: in this area, they are mainly used in automated and remote maintenance, infrastructure inspection, and in segments such as energy transmission and distribution. One of the major additions has been the use of drones to maintain and repair hard-to-reach infrastructure, for example in onshore and offshore wind farms.\n\n\r  \nLogistics: The application of these tools in business solutions has also constituted a turning point for the improvement of processes such as logistics. Automating warehouse activities improves the supply chain by reducing the handling times of goods, automating internal organisation and improving operator safety. Years ago, companies such as Amazon implemented this type of mobile robots in their warehouses.\n\n\r  \nFactory: The use of industrial robots, such as articulated arms or collaborative robots, also known as cobots, is already common practice in factories. This makes it possible to improve production efficiency and other aspects such as costs and energy efficiency.\r  \nEducation: educational robotics designs action-oriented plans to develop students' motor and cognitive skills, promote participation, curiosity and interest in research, and make a fun experience out of each didactic unit. It is a tool that educators can use to enhance their students' experience.\n\n\r  \nHome: The domestic sphere is no stranger to its benefits. Kitchen robots or hoovers which scan the surface to be cleaned, detect obstacles and adjust their intensity depending on the characteristics of the house (if there are pets, for example) are widely known. Other devices assist in the care of older people who may suffer from physical or cognitive impairment.\n\n\r  \nNeed for change\r  \nThe development of robotics is linked to the fourth industrial revolution and the use of technologies such as the Internet of Things and artificial intelligence, which make it possible for robots to learn. Digitalisation has also pushed robotics programmes to enter fully into the Industry 4.0 arena and influence sectors such as aerospace and agriculture.""]"
['I certainly hope you got paid for that']
"['""It looks like you\'re writing an annoyance-bot! Would you like help?""\n\nSlightly less flippantly, Diamond Age when?', ""To summarize the article:\nResearchers wrote an algorithm to detect when a person looks at a thing, then at the robot, then back at the thing. This is something people do when they want help or confirmation they're doing the right thing, so it makes sense for robots to detect it and respond appropriately.\n\nIt's very light on details about how they did this. And IMHO it seems like a kinda pointless thing to do. Human robot interaction is so far from human-human interaction that humans generally don't assume that the robot can read their body language and nonverbal cues. So a human is unlikely to use this gaze technique to tell a robot they need help unless they are explicitly aware that the robot incorporates this gaze detection. And if they are aware of it they'll be doing the gazing consciously rather than subconsciously, which means they'll get frustrated if the robot fails to detect their gaze based request for help.\n\nIf the user is at the point where they have to consciously request help, they might as well use speech rather than a much harder to detect sequence of gazes.""]"
"[""u/constantseeker48\n\nDo not use this website. It's usually used by a lot of people to display themselves. You might find some genuine conversations on there, but you'll definitely see some people's genitals along the way.""]"
"[""It's like R2D2 helping the pilot.""]"
['The brand on the box is HiWonder. The eBay listing just said 6 DOF robot arm.']
"[""I assume the use case for this is mainly just fenced in yards? Or do I overestimate the level of theft (grand larsony, even, since it's over $500?)? I mean, I'm a pretty trusting guy, but even living in a pretty up and up neighborhood, no chance I'd let this thing do its thing unsupervised. Great idea, impractical for my use case (and most I have the capacity to imagine) though.""]"
"[""Seems like a little overkill for something that will purely free roam... I would just use cheapo sensors if it doesn't have any functionality besides moving. \n\nBut ya know in the spirit of it all. Go hard homie. Excited to see where you're going to go with the project!""]"
"['Glad I could help!  There are some other brands/variations with different processors, but I think the BOE bot has a lot of online materials.']"
"['To be fair the robot needs to be more easily spotted. A flag or something at eye level perhaps. There is a reason stop signs have to be at a certain height, similar height requirement should be on such robots out doors.', 'I‚Äôve seen people abuse robots and shit to serious extremes for no reason so honestly a tiny tiny tiny incorrect part of me thinks that was on purpose.']"
"['James Bruton made his own robot that walks, maybe the design contains ideas which help: https://youtu.be/JWvH5PHKK74']"
['Is it only capable of that one action or can it ‚Äúthink‚Äù on its own and grab different things around it?']
['Now the problem with hypothetical situations is that we don‚Äôt know what AI could be capable of in 100 years. But from how AI is right now doesn‚Äôt seem like it will be there anytime soon.']
['Blows my mind. Especially the hand on the bar to help it get over']
"[""Great article!   \nRobotics can be used in N number of sectors. The more innovation, the more robotics can be enhanced.   \nRobotics can be a boon and a bane but when used to develop a sector and use the technology for the betterment of society then it's always an advantage. It can be expanded in any industry and made compatible. And if it's a sustainable robot, then what more like it? This will help both the environment and the race in the making of a better future.   \nI came across this group on FB that talks more about sustainable technologies. You might be interested in it.   \nLeaving the link below here - https://www.facebook.com/groups/startupresource""]"
