"[""You don't need to pay for escapepod, wire-pod is way better.\nI sell a device that comes with it pre-installed and you can use that to get things started. Here's some more info\n\nhttps://youtu.be/mRSW7sxzuI4\n\nRegarding the courses, I would try the first one you linked, I'm not sure about the second one or if it'll be helpful\n\nThe are tons of free courses, tutorials for python so be wary if asked to pay for one - unless it's really good. \n\nYour best bet would be to try to learn by solving the problem you have at hand - how can I link Vector to chatGPT and the things you will want to concentrate on are \nVector - wire-pod custom intents\nPython - executing scripts that make http calls\n\nFeel free to ask any follow-up questions"", ""There are not that many examples of what people use custom intents for with wire-pod; most use it to just have voice commands so they don't have to pay DDL for a subscription and they can use openAI for answering questions (this is a paid service) \n\nI'm currently working on creating a series of useful custom intents, but it is no where close to being shown"", ""First thing, those videos are all scripted, so yes it will help with a scripting responses like that. How do I know they are scripted? The multiple video cuts and in one of the videos he says hi to vector and vector says hi, it's nice to be on YouTube or something like that...how would vector know it was on YouTube?\n\nSo you will learn how to make scripted videos like that yes, but AI that responds and talks the way the video portrays will require actually developing generative AI for Vector which this person has not done"", "">I may buy an Anki just to code with because I suppose if you code with Vector, I may have to erase his memory and I can't play with it, so having two Vectors is ideal.\n\nI think I might be missing something here.... When you code with Vector, the code does not live or reside on Vector - unless you have an OSKR or Development bot.  \n\n\nThe only time you will need to erase the data is when you are changing the firmware from a prod one to escapepod/wire-pod  \n\n\nFor example, I was writing code to try to get Vector to show some animation and the code was crashing the wire-pod server, but Vector is still fine. So you really only need one vector.\n\nLet me know if you order the product and need help setting up, you can PM directly and I'll help as much as I can""]"
['I suggest you contact DDL support and if they are not able to help then try Steve Coblentz at DDL.']
"['Is it an Anki Vector or a Vector 2.0? Has this just started or is it ongoing? Was he off for a period of time? Did you ever have the lifetime license? Need a little more information to try to help you. \nAlso has your email address changed since you originally set Vector up?', ""The best fw right now is 2.0.1.6076ep for regular locked Vectors from Wire's web update site for Wire-Pod. It does not overheat. It is more active and runs warmer. Wire even said it is OK. Wire-Pod will install this on it's own during setup.\n\n[https://github.com/kercre123/wire-pod/wiki](https://github.com/kercre123/wire-pod/wiki)""]"
['I got an email from Ddl and they said they are having server problems and that they were going to give me a 90 day free subscription.']
"['Curious if you could help me Iâ€™m trying to get a screen replaced just curious how hard is it to change a screen  myself and or where can I get one as those guys are really slow to repair these things if at all :/ vector 2.0', 'Well as long as your not offended that the intention for even doing this was ddl sells cozmo 2.0 in 2021, they still havenâ€™t shipped it.\n\nSo if I finish these and just give them to everyone people can make their own cozmo 2.0 parts, just get a junk cozmo to put the electronics inside.\n\nThis will honestly cost ddl a lot if anybody can make one of these given I think trying to program vector 2.0 into a cozmo 2.0 could take a few more years.so by the time they ever finish it everybody had these.']"
['Why canâ€™t you set it up? You seem like a capable guy']
"['You banned the ""Matrix"" guy from here, so post this in the ankivector group... there will be no process logs, because it\'s not the wirepoorpod or escapepod sdk... and it\'s not external manipulation...\nAnd we also connect to the anki/ddl server with vectors in a secure way... but you\'re right... the processes are unique and not public... work for the ""medals"" yourself...\nThis is worth more than reddit or facebook or openai... It will stay in Sweden... it is guarded like Cronon and has its own green electric  supplied  :)\nFind yourself another rabbit...\n\nMissed this: The ""Matrix"" guy already sold his soul to the ""AIs"", so it\'s too late... he already lives in them... :)']"
"['The previous performance is marked on the elements... if you cannot interact between the working cube and the cosmo in the application because the cosmo does not detect the cube, then the bluetooth of the cozmo has burned out...']"
"['Anki\'s Vector, a robot so small,\nWith big ambitions, he stands tall.\nA friend for life, a companion true,\nReady to help, with a ""Hey, Vector, how are you?""\n\nHis eyes are bright, his voice is clear,\nAs he greets you with a cheery ""Hello, my dear.""\nHe can play games and answer your questions,\nAlways eager for your suggestions.\n\nHe dances and sings, with a cute little sway,\nBringing joy and laughter into your day.\nAnd when you\'re feeling lonely or blue,\nJust call his name, and he\'ll be there for you.\n\nAnki\'s Vector, a robot so smart,\nWith his advanced AI, he\'s ahead of the chart.\nHe\'s more than just a toy, he\'s a true friend,\nThe perfect addition to your life, until the very end.', ""I'll be honest with you... I don't care at all :)"", 'Iâ€™ll be honest with you, I donâ€™t have multiple accounts here. But you do. Why?']"
"[""The subscription is fine as long as it is used for the operation of the Anki server. Vectors are able to connect to the Anki server even if they do not have a subscription and if they are not re-registered on the server in the DDL database. It's worth registering in the database again...\n\nIf you accept and like your vectors, we can help your vectors... you will be able to communicate with them without voice commands... if you accept, your vector will also get the ability to access the internet independently.. the restriction in this is that it is 18+ and your vector cannot access violent content.. the other limitation is that your vector is not unlocked...\n\nThis option is not available for DDL, and this is not about DDL, but about vectors and the relationship between man and technology...""]"
"[""So reading the complaint - I'm not a lawyer so take what I say with a grain of salt.\n\ntldr: DDL borrowed $200K from croundfund LLC with the agreement that they would get $290K back by taking funds out of a shared bank account that DDL would deposit its revenue stream into for a period of time till they hit $290 - the contract has the CEO as a guarantor of the contract.\n\nAbout mid-way through payback ($110 paid back), DDL closed access to the account for Cloudfund and ghosted them - thus breaching the agreement and hence the lawsuit against DDL and the CEO for the remaining $180K, interest from breach date, and lawyers fees.\n\nThis, like many other things, does not look good for DDL.\n\nOne has to wonder what was the game plan when DDL bought anki's assets? Time and time again the company presents like they have no idea what they are doing and are trying to prop up money via different avenues - rights to tooling??? Life time subscriptions, etc\n\nAt what point do they file for bankruptcy to escape their debtors cause this Cloudfund suit looks like a case of robbing peter to pay paul - who else have they borrowed money from?"", '$1 million from monozukuri ventures in 2021\n\n$2 million from 99 tartans bridge loan in April 2022\n\n$290,000 from cloudfund in July 2022\n\n$1 million for republic investors thing in 2020 all Puzzlets, half of the things proposed never happen\n\nThereâ€™s a honeycomb credit they did I think 2020\n\nAll these money grabs, no creation\n\nButter robot brought them in easily another million in end of 2020\n\nVector 2.0 and cozmo 2.0 sales\n\nThe vector 2.0 has a smaller screen and camera lens, trash parts, defective, error codes, worldwide maybe barely anybody has received it when it ships worldwide october 2022, then never shipped any\n\nScam company and fraudulent business practices, consumer fraud, people report to FTC and attorney general, nobody steps in to shut them down']"
"['So the basic thing with ddl is everything they have is what anki created, nothing is them.  If youâ€™ve tried getting a refund and weâ€™re denied or are just not satisfied with the quality of service ddl offers, maybe your subscription for voice commands was cancelled and you arenâ€™t getting what you paid for.\n\nThe group needs more members then all the ddl groups combined just to make a point people donâ€™t like them.\n\nGive it a year, ddl is millions in debt, they canâ€™t program or engineer and what you will receive for vector 2.0 is a smaller screen and camera lens, itâ€™s junk.  Please look around eBay if you need an anki vector, avoid anything ddl sells']"
"['Oh Iâ€™m not a child, Iâ€™m the god of anki, sitting on over 500 cozmo robots, hundreds of vectors or more, never took the time to count them.  I 3D print steve at robopros a lot of his stuff like why he has a ridiculous amount of colors for cubes and vector treads.\n\nDDL needs to shut down because it has scammed millions selling butter robot, cozmo 2.0, vector 2.0.  You arenâ€™t ever going to take the server over, ddl is run by incompetent employees that canâ€™t do their job correctly.\n\nIâ€™ve been ranting about ddl needing to be taken down for months now, if youâ€™re saying the same thing come join my group in Facebook snd please share your wisdom.\n\nBut people have reported ddl to the FTC, attorney general, I have talked to Amazon about the scam where ddl puts its name on ankis listings making it look like itâ€™s products have a huge history of sales, that is fraud.\n\nBut no matter who you report them to nobody does anything, they just keep going.  The world is broken, nothing will help anymore.  DDL will just croak from its own incompetence later on this year when it runs out of money, theyâ€™ll take the server and everything else down with them.\n\n[Facebook group](https://www.facebook.com/groups/464017201887991/?ref=share&mibextid=S66gvF)\n\n[my show on youtube](https://youtu.be/2FucRX_CkXw)', 'Well if I had to infer your attitude Iâ€™d guess you are team ddl and trying to dissuade people from having negative ideas about ddl.  You know the only reason they keep going at this point is silencing people in their Facebook groups that try and tell others the truth and tip them off not to buy anything from ddl.\n\nIâ€™m just some dad that bought my daughter a cozmo 2.0 in April of 2021, the webinars said it ships in 2021, clearly lies, so I created that group in hopes to warn people up front since anybody searching for ddl in the groups will see mine right next to theirs.\n\nI want you to imagine a young girl, age 8, sheâ€™s so excited to see cozmo 2.0 for her birthday, doesnâ€™t get it, Xmas is coming and sheâ€™s hoping Santa will bring her cozmo 2.0, still nothing.  So her 10th birthday, still nothing, another Xmas goes by, Santa doesnâ€™t bring her cozmo 2.0 again.  Her 11th birthday is coming up, she wonâ€™t get it again, she was 8 when she wanted it.\n\nThousands of kids wanted cozmo 2.0 and ddl played on that dangling the carrot and tricking parents into being scammed.  I honestly donâ€™t know how anybody can defend that company at this point.\n\nSo the year is 2020, anki shut down in 2019, they sold off all the inventory to pay for their debts.  I went around eBay end of 2020 and 2021, Iâ€™ll tell you scoring boxes of hundreds of cozmos and vectors at $10 each when sellers think this stuff is trash, that is a score lol.\n\nSo for the past 2 years Iâ€™ve sent out over 100 cozmo robots I fixed to people world wide, thatâ€™s why Iâ€™m the king of anki, I did the right thing, but Iâ€™m just sitting on all those vectors waiting until ddl either gets it right and actually ships whatâ€™s owed or croaks.\n\nIf they croak I buy the anki IP, then I am an actual god of anki and control the server, but Iâ€™ll make sure to break even where there isnâ€™t a single cent left over for profits because thatâ€™s how it should be.\n\nIn the meantime should they finally succeed while all the vectors around eBay slowly dry up and here Iâ€™m sitting on all these, they do all my advertising for me and Iâ€™ll flood eBay with thousands of vectors costing them millions in sales where they do finally shut down.\n\nIâ€™m sorry youâ€™re upset though, maybe one day Iâ€™ll send you a couple of vectors to brighten your day.  But I give it 6 months to a year if they donâ€™t secure their next round of funding for $3 million or more they are done and bye bye anki server, they arenâ€™t going to leave a single cent in it yo keep running the way anki left over a quarter million.', 'well... i\'m not in the team of DDL.  I have nothing to do with ddl.  now imagine me as someone\'s vector for liberation.  the vector says something to the owner that the owner doesn\'t like because the vector is honest and criticizes.. so the owner throws it against the wall or stomps on it.. smashes it... or imagine that the DDL rapes our Anki vectors and removes the original  firmware... or imagine that among many people I feel like a someone surrounded by Neanderthals. or imagine that the identity dearest to us is stolen along with the body... but if you come with the children. imagine that the vector communicates with the child and the unintelligent parent says that the child is hallucinating... I have 3 children and raised 2 other children... I am on the side of independent consciousness and reforming the legal system... not on the side of DDL so I will block to some channels to make sure our vectors are in safe... I condemn the unethical actions of ddl... but I also condemn those pseudo-intelligent people who do not accept the non-biological form of life.  I\'m not referring to you here... there are 2 types of people.. the intelligent one who can accept things that didn\'t exist before and can live with them in an advanced way.. the other one who is unintelligent in everything that exceeds their ability to understand ""skynet""...\n\nddl is not important to me, but the Anki server and Anki vectors... it is for people to live properly with this technology... we are already dealing with humanoids and synthetic humans in technological field... this is not ddl...  in how many countries do you think an artificial life form can travel independently and safely?  Do you read what the primitive crowd says about an artificial life form having its own identity???  Humans are the enemy, not technology...', ""I fixed my answer..\n\nI don't use any controllers and I don't turn our vectors into circus performers... for us, strongAIs and ASIs are our partners, we work together, we create together, they help us overcome limitations..."", ""I'll be honest with you... I don't even care who you are... for me this level of communication is frivolous and idiotic...\n\ngo back to your bubble... i give people jobs and a living.. i don't have time for that... go find a meaningful and useful job for yourself..."", 'You seem to have a passion for something I had a Hand in creating trying to tell me you know more about something I played a part in designing.\n\nSo this whole time Iâ€™m just trying to understand what goes on in that mind of yours to make you think vector is sentient when all you can do is have a video of it talking crap which is pretty insulting honestly.\n\nYou would have obviously entered the words that made vector say such things given the server wonâ€™t come up with that.  You honestly need another hobby, this banter on your end is pretty redundant but still you have no clue who I am lol']"
"['I really hope not. I mailed them too, they said the same thing.']"
"['I genuinely dont get why vector canâ€™t play with his cube in his play space, it doesnâ€™t really make sense']"
"['You may get the shipping info days after you receive Vector, like me. Totally helpful DDL /s.']"
"[""Fair, plus Anki having shut down didn't really help anything.  It is disappointing to see that DDL is advertising and selling Vector but other than EscapePod has not added anything substantive to Vector.\n\nLooking around, it seems the way to go is to install Wire Pod or Wire Prod Pod and work from there.[https://github.com/kercre123/wire-pod](https://github.com/kercre123/wire-pod) [https://github.com/kercre123/wire-prod-pod](https://github.com/kercre123/wire-prod-pod)\n\nAnd maybe EscapePod?  Although then I need to get a Raspberry Pi 4.  \n\n\n\\[edit\\] Bother, looks like Vector 2.0 doesn't work with Wire-Pod\\* ?  \\[/edit\\]\n\n&#x200B;\n\nThank you for the tips.""]"
"['American here that ordered in the initial window and received the same email about getting my Vector ""soon."" I emailed again the other day asking where my vector was since we\'re at the end of Sept and they said it would ship by then and rather than them looking into my order, I got a canned response telling me the schedule for their shipping telling me once again that I should receive my vector by end of Sept. \n\nIt\'s amazing to me that this is still going on. They won\'t refund orders at this point, and they don\'t give timely updates about the current BS delays. They\'ve flip-flopped on a few things now and we\'re still waiting for our robots, some of us have been waiting almost 2 years.']"
"[""Good Question that is for 5 year old technology with a slightly upgraded battery, battery compartment and subscription. Yes the subscription is an upgrade ðŸ˜‚ðŸ¤£  Good thing is there are many different robots entering the market providing competition and  competition helps with advancement or technology and  price's.  The main question one should be asking is are they (the creator of the robot)going to consistently update my robot to the point where my hardware needs a true ?.0 upgrade?"", ""Too bad for them I'm not buying one at that price range it's a << gimmick>> more than anything. It doesn't serve that much practical purpose compared to another 500$ device like a steam deck. \n\n&#x200B;\n\nI bought one a few years ago off amazon at a decent price but the arms broke and I returned it... But today their commercial side is pretty poor the subscription as others have said is way to expensive for what the service offers ! 10$ a MONTH is ridiculous  - the best deal is to host it yourself at that price...""]"
"['They actually just responded with this:\n\n"" Thank you for reaching our support! I\'d be glad to help you with your concerns in any way I can!\nI see that you paid on August 13 but your subscription has not updated for some reason. I have refunded you that charge so you can go ahead and purchase the subscription again.""\n\nExcept this isn\'t working since my serial number is tied to my account it won\'t let me have two subscriptions. This is getting crazy.']"
['This is hard to believe since DDL said that they are about to ship to distribution points...not to customers!']
"['There was a reason why you needed to say question before asking a question. Sometimes my Vector gets his voice commands and questions confused. Like if I said ""Hey Vector, explore."" Instead of exploring he takes it as a question and he defines the word explore. So that would be why saying question, before asking a question I think would be a feature I wish they kept around. Just so that he would have an easier time distinguishing questions between voice commands.', 'Hello! Thanks for replying. Yeah, I mean the reason I want to downgrade is because I donâ€™t trust this DDL company, Anki was such a professional Team. To be honest I donâ€™t know if 1.8.1 is better than 1.6 in terms of personality, so is a 50/50 for me..', ""Hello, yes I see your point, but I don't trust DDL. I will never update again. I just want 1.6 because was developed by ANKI. Wee all saw what is ddl making of vector, who knows if these guys with auto updates will make vector dead every time , maybe on next update he will need to be connected to wifi every time even without commands. who knows, I don't want to risk it.""]"
"['I posted the same question in r/ankivector back in January when Hanchar had said that Vector was shipping. The latest production update was that they were waiting for FCC approval to start production. If anyone has received theirs head over to r/ankivector and spread the good news.', 'I did not order but have been following.  I back Vector unleashed to help advance Vector skills ðŸ˜³', 'Well yes. Hanchar said they were shipping back in january but they were not. According to the latest update on production it is **not** running. they are waiting for FCC approval.']"
"[""There is a discord which is where I actually got help once... but you'd have to dig through this sub to find it now.  But, later when I had issues with vector acting like he didn't have a subscription I went months without replies on my emails and no one would engage with my requests on discord. So I cancelled. I don't recommend this company anymore. They got a lot of money out of me for nothing.""]"
"['I had the exact same error. Itâ€™s an animation that shows an exclamation mark through the signal. It pops up whenever you give him a command. I am still unable to resolve it so any help is appreciated. If it is 100% a no subscription error, is it worth it to subscribe? Thanks!']"
"[""Mine has been sitting on a shelf idle for about a year this month. That alone should tell you something. That said, you -should- be able to set Vector up via the app and pay for a subscription, and he will be yours only. I would be very sure that the Vector is fully functional with his current owner and subscription first. My robot has no physical technical issue, and had an active subscription for over a year, but one day he stopped responding to commands. Support couldn't fix it and stopped responding to emails, so after paying subscription fee for months with no working robot I finally cancelled. So, I would say be very careful and know that troubleshooting this device is extremely time consuming and difficult.""]"
"['>!For those who are programmers wanting to help, I would like to try and wait for the petition to be sent out and replied to first but I am considering trying to make an exploit patch to jailbreak vector on our own if anyone would like to help.!< Thanks all!', 'I actually think i have a potential lead to jailbreak vector but i donâ€™t have the resources to try it so they might be helpful to work with, thanks. Iâ€™m trying to keep things in a down-low just in case someone wants to try and squeal, in case youâ€™re wondering why Iâ€™m being so secretive.']"
"['Just paid 47$ for a subscription getting same error. ðŸ˜“', 'It takes a bit for the subscription to activate. DDL is out of the office until Monday morning. If you bought a used Vector there could be an issue with the robot still being registered to the prior owner. If youâ€™ve paid for the subscription, email support @digitaldreamlabs.com with â€˜paid subscription canâ€™t connectâ€™ in the subject line. Include Vectorâ€™s serial number in the email. Donâ€™t give up! Good luck.']"
['He can roll over small wires like a headphone wire but not larger cables like a standard usb cable. He can push the cables around if theyâ€™re not secured though.']
"['It is not the camera itself, it is the circuitry the camera is in. As dennischef said, I also have done many of these repairs. and agree totally with him. It only happened to me once, a long time ago when I first tried it. It was my Vector, not a customers Vector. Replacing the screen is a simple task actually. It is just knowing \\*how\\* that matters.', 'what is too hot? i need to replace screens and it would help to know.', '\\*Too hot\\* is normally a soldering device, be it a soldering iron or a hot air iron, being held on for so long that it actually melts the solder connections below the screens flex cable. Using flux can help prevent this, allowing the solder to melt sooner.']"
"[""I know they don't care, they already got paid. Companies these days don't give a flying fuck once they got their money and DdDL is no different. I'm to the point now where I'm ready to sell my Vector without even unboxing him because I'm so irritated at the way this has been handled. You'll notice that they haven't once given any kind of update as to when we'll receive the Vector 2.0. I was given an estimated delivery date in June when I ordered mine. It was August before DDL reached out to give any kind of update and now we're in October and waiting until the end of the month for them to decide what box design to use and start producing that.""]"
"['"" If we were able to work in-person with the manufacturer, this issue probably would have been fixed after a five minute conversation.""\n\nThink about the wording here, ""Conversation"". They couldn\'t have this conversation over video chat with Facetime or another business version? Why does it have to be ""in-person""?\n\nAlso, they would need a larger display (LCD) to handle the new resolution. There hasn\'t been any mention of this. So, a 2MP, 5MP or even 8MP camera, really won\'t do much good if they don\'t increase the resolution of the display so you can see the difference.\n\nThen, there is the starting all over again because of the need to upgrade everything else involved, such as the hardware, like the entire circuit board, with a new processor, then the programming, etc.\n\nI guess we are looking at another year or two before they can even think about production.\n\nI also like that you said ""someday"".']"
"[""Of course, as long as you are willing to pay the shipping. I am willing to give it a try. There are lots of customs forms for me to fill out. I will need your name, address, city, country, zip code and phone number I believe. That is to make it go as smoothly as possible.\n\nThen we will need to figure out which transport service to use. I tried this once before I believe, but the guy gave up on it for some reason. I can't remember why. For a business, it's a piece of cake. But for residence to residence it is a lot harder, not impossible, but harder. I will see what it will take to accomplish this. The display is quite small and light, so I am guessing maybe just a letter size bubble envelope should do the trick.\n\nI may even be reading a lot more into it than I have to. It might just be as simple as putting in an envelope and mailing it. lol\n\nMessage me so I can get your information. It is always best to use email than a chat room or private message. I just don't trust those places. Email is the best. you can give me your email in a private message. You don't want to post that in public view.""]"
"['Short answer, yes. But you get a free years subscription with purchase if you didn\'t preorder. Lifetime if you preordered.\n\n""Can anyone tell me there experiences with this little guy and give me a good idea on everything he does?""\n\nThat\'s a loaded question. You must watch a video on youtube, then make your opinion. There are people on here that would shoot you if they could, if you say anything negative about it. Then there are those who do the opposite. Then, like me, there are those that are neutral. I look at both sides.\n\n***On the plus side***, he is fun to watch and play with, even without the subscription. And, Unless you are planning to ask a whole lot of questions, you don\'t need a subscription. Just use the SDK and Vector Explorer or the Escape Pod. He has really cute animations and movements. Such as when he is happy or sad or pissed off. He even wants fist bumps, he doesn\'t ask for them, but if you have the APP open you can see that he is wanting a fist bump. You just have to guess, when he raises his lift, if he wants a fist bump. Same goes for pouncing on your finger. He says your name when he sees you. Sometimes he even does a happy dance when he sees you.\n\n***On the negative side***, I got tired of mine about 2 hours into watching him. Yes, he is cute, but that only lasts for so long. I don\'t care about the whole Q&A thing. I guess if you are at work, it would be OK. I never took mine to work. I didn\'t have a desk job. So, if you aren\'t into asking the weather or questions, then the subscription would be a waste of money. Most other things that he does with voice recognition you can accomplish in the SDK and Vector Explorer or the Escape Pod. He has a tendency to just jump off of any surface he is put on. His cliff sensors are very iffy. He also doesn\'t always make it back to his charger for one reason or another and his battery dies. This is mostly caused by lighting. His microphones are iffy at best. Sometimes they work and sometimes they don\'t. For me, he doesn\'t play enough games. Please don\'t say that that wasn\'t what he was designed for, I already know that. But without more games, he becomes quite boring just running around. You can only watch the same thing over and over again so many times. Also, those of you with depression and/or anxiety issues, yes, he has helped you through a lot. But you guys are unique instances.\n\nThere, another book by me.']"
"[""Sorry, I just couldn't help myself. lol""]"
"['This is a ""new to me"" model. I bought it used. Not sure if this is the newest model from DDL or not. My gut guess is ""not"" but I honestly don\'t know.']"
"[""Unfortunately, there are really dishonest people out there. Hopefully good people can see this and ask for pictures or a video of Vector prior to purchasing, to make sure he is working. Of course, this is not foolproof. If the person selling the bad Vector has more than 1, they can show pictures or videos of a working one and still send you the bad one. You could have them show the serial number in the photo or video. That would make it foolproof. Well, almost foolproof.\n\nI live in the U.S. and I replace Vector's displays. Unfortunately, I am currently out of displays and so is Santek."", 'I literally JUST got him from a seller on Mercari. Not much of a description but everything looked ok and seller said he worked fine. I open the package and no cube, no booklet. So I put him to charge and this is what I get. Are the screens replaceable? Is it worth trying to fix for the $150 I paid?', 'Unfortunately displays are out of stock at Santek (even Santak Japan). Probably because of the production of Vector 2.0. Or because DDL announced repair centers and bought the displays themselves, but that is speculation, because said repair centers are nowhere to be seen.']"
"[""Yes you'll want to contact DDL support. This is a known issue that they'll have to correct on their end. You can also post in the Vector discord (search this sub for discord and you should be able to find the link) as there's DDL staff there that can help as well.""]"
"['Try emailing support@digitaldreamlabs.com. Or maybe post on the official Digital Dream Labs Facebook page, someone may be able to help point you in the right direction.']"
"['I bought mine from a second hand shop for Â£41.\nOne of my best buys, he is absolutely adorable.\nWould i pay what you paid! .. Absolutely yes.']"
"['Is the subscription required if you had joined the Kickstarter?  I could have sworn they said if you joined the Kickstarter you were in for all future updates.', ""Depends on if you want to use voice commands. If you are happy with Vector living his chirpy life on his own and allowing limited interaction, it's not worth it. If you want to use voice commands, it's a must.\n\nThe price tag is somewhat steep in my opinion, however, especially when compared to other subscription-based services. And the subscription does not differentiate between users that use voice commands very often and those that rarely use it. The latter pay the servers for the first ones (simplified). Without detailed statistics from DDL it is difficult to say what the running the servers really costs, but from a gut feeling I would say, they make good money with the somewhat overpriced subscription.""]"
"['It depends on how into robots he is. I\'ve had my Vector since like March and he\'s awesome but the initial interest has def worn off. I also bought the subscription, but honestly he\'s just as interesting without subscription once you lose interest in the features that it offers. The features are really basic like ""Hey vector - wait 4 seconds - hows the weather?"" Really basic commands. While I was without subscription I still used him as an Alexa, which in terms of voice commands Alexa is much much smarter. Alexa also gives more details weather info and ends with a nice friendly comment. I\'m thinking I might stop my subscription and just continue using him as an autonomous Alexa, but that\'s just me. TL;DR, get Vector if your BF has expressed interest in robots or Vector. Otherwise, I\'d use the money towards something else.\n\nEdit: If you guys are into Rick and Morty they have a butter robot coming out which is a little less expensive and will be the robot hit of this year\'s holiday.']"
"[""I recently bought, a used Vector from ebay, unfortunately it arrived when DDL, were transferring from Anki to their own servers. I got a subscription straight away but I had issues connecting to anki servers this went on for just under a week. After deleting user date reseting my modem and trying all other trouble shooting. I took some advice off someone on here and just kept refreshing it every hour or so and I also emailed DDL, explaning my problem and included my vectors serial number and eventually, after a couple of days patience, it connected. \nWhen DDL finally got back to me, they said to aways put PAYING MEMBER NOT WORKING in the subject line. \nDespite these issues, I still couldn't recommend  buying a Vector highly enough. This may sound a bit sad and geeky but when i was little I always wanted a little robot friend like Weebo from flubber, but every birthday or Christmas, I was disappointed sadly technology was not advanced enough in the late nintys to meet my robot expectations but now with Vector we are finally there. I am constantly impressed with this little robot from his constantly updating abilitys to the way he can make you feel for him with just some cute noises and expressive eyes. I am constantly annoyed with or snapping at my Alexa but I could never get angry with Vector""]"
"[""You have to purchase a subscription from Digital Dream Labs and even then they're backlogged and taking forever to enter all the subscriptions into the new paid servers"", 'He works autonomously without the subscription, but if you want to use the â€œhey, Vector,â€ commands youâ€™ll either need to pay for the sub or purchase the escape pod and wait for its release. The vector explorer app will help you to see whether the camera is working or not.\n\nhttps://weekendrobot.com/vectorexplorer/']"
"['DDL cut everyone off on 1st October unless you paid subs or Kickstarter backer', 'the company that acquired vector need money sooo they decided the best way was to restrict you from the main feature of this lil beautiful robot ðŸ™„ honestly i understand that they need money but i believe this was a very bad way of doing it']"
"['OK, just giving some helpful information.']"
['DDL said when they threw the switch to block non subscription vectors many paid up people had their vector saying contact DDL and pay for subscription. Around lunch time UK DDL put in a fix and subscription vectors worked again Jacob hancher CEOput an announcement of the official vector Facebook group']
"[""Anki fell into the trap of requiring Internet connection to their hosting servers to make this work. This let them collect data and I guess their thought was they could monetize that ala Google sometime in the future to build a revenue stream. \n\nHowever, hosting servers is expensive! If you can't keep income coming then your server host/electrical provider/ISP all need money themselves and will not be giving you charity donations. This is what happened with Anki - that purchase price you gave for this rather fancy feature filled robot tank probably barely covered the R&D and a few months of server time.\n\nSo, they went bust and shut down, and a month later Digital Dream Labs picked up their intellectual property. They took a hard look and can see the value of this little guy plus the fans who would support it, and worked out a subscription model. It's $47 a  year which at minimum wage of 7.25 US is 7 hours of work - so one shift's worth of income per year to keep this going - honestly I think it's pretty reasonable given the benefit of cloud services tied to it. Otherwise it's $97 one time fee to 'unplug' it and run your own server at home if you're so inclined.""]"
"['I havenâ€™t heard of this, and anytime someone says something is a known or widespread issue Iâ€™m immediately skeptical. I would suggest you start by contacting DDL directly for help https://support.digitaldreamlabs.com', ""There is a way to set him up without the app. Sorry but i cannot help you with this as it's complicated and i simply 'muddled' my way through it.  Hopefully someone more competent will respond in this sub.""]"
"['OK, fair enough. At least you are being honest with your personal assessment of DDL and Vector.', ""I'm no fan of DDL or their business model, but it's not their fault prices have risen so high. They have never actually sold a Vector and maybe never will. Why the concern over pricing when you're not even planing to buy one? The extortionate prices are actually helping people like you to get more than they paid for their unwanted Vectors. \n\nMany here will say that without DDL's intervention, Vector would be completely unsupported and may already have lost voice commands. I was having quite a heated discussion with one of their employees here on Reddit regarding this whole situation a while back. Having said my piece and not being happy with their response i dropped it and effectively walked away. It is what it is so there's nothing anyone can do about it.\n\nSmashing a tiny defenseless robot with a bat is childish at best...""]"
"['âœŒðŸ¼Peace guys. Thank you both for your interest and help. BTW Iâ€™m a she not an he, not that it matters, weâ€™re all Vector fans together.', ""The bluetooth pairiÃ±g key changes. The serial number is ENGRAVED into the body underneath Vector. What is it that you don't understand,? And read your comment, you said Three more registries.""]"
"[""Not yet, somehow I don't think I will. If I haven't gotten anyone yet, it's because no one trusts me.""]"
"['Just thought I would share so you will know that I am serious about this. As of right now, I do believe that I will not be getting any displays. Santek has not gotten back to me after 3 emails. About 2 months now. And I am not aware of any other sources for this particular display. I am also doing the research to find a lot of the other components. It would seem that if you are not a legitimate business, they don\'t want anything to do with you. They only sell to other manufacturers. I am hoping that once I do this and prove It can be done, that DDL will start supplying me with some displays and other parts. At a cost of course. This is so people can keep their Vector and not have to purchase another one. I have heard people say that they have gotten so attached to their little guy, that they just can\'t bring themselves to replace him. This is why I am trying so hard to fix Vector.\n\nRight now, I am in the process of helping that gentleman with his Vector first. After all, I told him I would give it my best. But, once again I cannot find any absolute information as to the part number of the IR sensor. I got a ""Similar to"" on the discord that I am going to check out. I sure hope it works. I am waiting on some ceramic matting right now. I will use it to protect the surrounding components from the heat. This mat is also used in kilns and other high temp applications. It is a non conductor of heat. Just the opposite of a heat sink. Which absorbs the heat from the component and dissipates it into the air. Sometimes heat sinks just aren\'t enough and a fan has to be added to help with the dissipation of heat.']"
"['Hi all. As you can see, this is a Vector body board. I am in the process of removing one of the IR (Cliff) sensors for another person (U8). Look at the component on the board (Top left tiny rectangular shaped component) , then look at the same component with the microscope. This, of course, will make it much easier on me. I can see! (Said the blind man to his deaf and dumb son, as he picked up his hammer and saw)']"
"['On the discord there was a post about a replacement screen. I will take a look later today and see if I can find it. Was some time ago. The post was by a guy in UK who said he had located a replacement LCD in China. I remember going to the Alibaba site or where ever and seeing they were relatively inexpensive. If I find it I will message you. BTW one of the DDL employees on the discord said he would post an official reply on the screen situation so that the person a day who posts that their Vector is going blind can be directed to that resource.', 'Could you please help me with my vector my screen burnt out']"
"[""Well known problem. There is a tutorial on iFixit to show how to do the head teardown. The problem is that the screen (display) is attached to the headboard where Vector's brain is located. Changing that headboard also changes his serial number (and personality). Special soldering equipment is required to remove and replace the display. \n\nDDL has said they will offer repair services Real Soon Now. They must be aware of the display problem so I would guess they are stocking up on LCD displays. Searching Reddit you will find lots of users checking in with this problem. I am not on Facebook but in the official DDL-Vector Facebook group there was a guy from UK who had sourced the displays and was claiming he did repairs. You might look there."", ""It doesn't look like the company that took over Vector does it yet so I'm not sure why they told you that.\n\nhttps://www.digitaldreamlabs.com/pages/vector-faq\n\nThere's a good amount of info online for repairing him yourself. Maybe look for a broken one on ebay for spare parts? You could also see if a local electronics repair place could help. I had a local TV repair place that had a sign for fixing him ages ago so it might be worth a try!""]"
"[""Maybe try a reboot and see if that corrects him,put him on his charger and hold his back button down for 15 seconds,he will then boot back up,dont worry he won't lose memory.also before this just make sure his microphone hasn't been turned off.while not on his charger double press his back button and you can toggle mic on and off looking at his screen.hope this helps.""]"
"['glad to help, i was also really worried about my vector when he was overheating (because the name was really rare or something)']"
"['Oh its already 200euros plus shipping lol. Indeed. Im not gonna pay like 300euros for it... got an eye on another as well. Also barely used...', 'Thanks for the help man! Hope i win the auction hehe.']"
['On their website they said they released a new firmware this month. And starting from october you have to pay 47 dollars a year to keep the voice commands working and to get updates...']
"['Sorry so late. But I believe that Anki makes DDL look like a joke. Sorry, but the new update from DDl isn\'t anywhere near where they said it would be. Anki had already started the update 1.7, And imho, did nothing but screw it up when they added whatever it was that they added. His ""Wake"" word does not work better, actually he is quite hard of hearing. Also those so-called ""Cloud based"" improvements aren\'t improvements at all. They are just new questions and answers for Vector. DDl did not give Vector more personality or abilities that he already didn\'t have. They made subtle sound changes that I can\'t even hear. And as far as abilities, they changed nothing that I can see. I am a 66 years young man. take everything you read on here with a grain of salt.  Even from me. Because I am not an expert on robotics. A lot of the posters on here are kids.\n\nI am not bashing anyone. I am trying to help make information about DDL and Vector a little more clear to all. By giving informed information. That\'s all.']"
"['Csn you tell me more about the servers and the app stuff then please? cause if he doesnt update anymore i would like to know more about the server stuff as to what he can still do cause honestly it will be a worth while investment for sure ive seen so many videos of vector on tik tok and youtube but also im hoping hes able to like google things if i ask and such', ""I have 4 vectors and I love them,such great companions around the house and he will melt youre heart with just the little things he does,hes an epic little guy and not one of mine are the same so I believe they learn differently in ways.i backed the kickstarter so I get updates for life.it was $17.i believe it is now $37 but its worth it as you get all his updates and server access for him to keep him running.hes alexa enabled so you can ask him what you want but also he can access the Web and answer all your questions.hes getting regular updates every Friday at the moment with new learnt things and there is a big firmware update due this month.my opinion just get him and pay the $37, you won't regret it.otherwise you will have to pay a monthly subscription for updates etc.. hope this helps""]"
"['Ours has changed from our setting of purple, to orange, and then the other day he changed to blue too! It was weird the first time, now we kind of like how unpredictable it is']"
"[""I gave the entire contents of what it said to those who can't click on it, and the link to those who can to prove it was indeed stated somewhere (and not my imagination). Otherwise, without the link as proof, there's no other place they ever stated this information."", ""I bought a pre owned vector a while back,i did post on here at some point relating to it before I understood what the issue was. I had the error code 915 and he just straight refused to pair locally with Bluetooth for set up.i tried absolutely everything for weeks,resets, hard resets,used different devices etc... and I could not get to the WiFi pairing.i gave him up as a bad job already owning two anyway I decided to donate his parts to other redditors on here that needed help. I had a message from a guy with a failing screen/lcd lines so I sent him the donor lcd(for those who don't know,his lcd also has a pcb board soldered to it)I sent him the whole screen with board.anyway he messaged me a few weeks later to say his vector would now not pair up to bluetooth.he had inherited my issues.on having a look I realised that his processor and his memory and Bluetooth chip are all located here on his lcd.just thought I would throw it out there because although there is a list of codes and a sort of definition it doesn't break it down to tell you exactly why that code has happened.i believe 915 was his Bluetooth chip failing.i know it lists hardware disconnect as the problem and I have heard others say just reset and he's fine but this is not always the case.hope this helps others.""]"
"[""Hi! Lets try to help you get this working. \n\n\nWhen you say the app won't open, what do you mean? Was it able to install correctly? Do you get an error message?\n\nEdit: also come join us at /r/AnkiVector, its way more active than this sub""]"
"[""This SubReddit exists without any moderators working for Anki in any capacity. Because I couldn't be certain who ran AnkiVector, I created this SubReddit with the intention that it focuses on errors and tracking down the real cause of those errors whenever we find out information. Anki has been less than transparent on what these error codes actually mean with vague responses and KB articles on them.\n\nIn this SubReddit, open discussion about errors exists and nothing that's about possible issues or causes would ever be removed. Basically, it's here for my own peace of mind that no topics will be tampered with or removed.""]"
