An Alarm Clock that actually Wakes you Up; https://youtu.be/KwSgVpcbXtM
I would 100% trust my child to this bot.
Captcha can no longer be trusted
Trust me on this one
The future looks beautiful!
Automatic Shaving Robot
Found at the Maker Faire today. One shitty robot to rule them all!
"Anti-sleep, energy drink robot by Michael Reeves"
Come with me if you want to live... or possibly die of smoke inhalation.
Smoking Machine
Update: the switch flicker works more reliably. I don't think it has enough power to actually move the switch.
My graduate robotics class had some issues with our robots‚Ä¶
"Rude Alexa Now On YouTubehttps://youtu.be/QIbs1Cgwx70

I‚Äôve officially uploaded the (semi longer) Rude Alexa video. I‚Äôll try to be consistent so check it out and comment some code project ideas, thanks."
"Robot Riot - Drunken, Shitty Robot FightingHey ya'll,

I've just launched Robot Riot's Youtube channel and I've started to upload footage from our previous competitions. I've started with matches from Round 1 of our second competition, Super Robot Riot Turbo II. [Check it out here](https://www.youtube.com/playlist?list=PLdO7QQ3NYu-JvdaJm4V7H8kXvRk3UY4Hh). 

Robot Riot is the backyard wrestling of robot fighting. Based on [Hebocon](https://www.youtube.com/watch?v=46ivFpsmEVQ), Robot Riot hunts down amateurs and teaches them how to build robots at weekly bar meetups. Fighting consists of robot sumo and winners are decided by crowd cheers or complete destruction of your opponent. All pilots must do a shot before each match. Robot builders can also agree to grudge matches where the loser must destroy their own robot.

This competition features a knife spider, a Rick and Morty butter bot, and other dumb shit.

I'll start releasing footage of each round on a weekly basis and repeat this for every competition we've held. 

Let me know what you think! **AnD bE sUrE tO LiKe, FaVoRiTe, AnD sUbScRiBe Ayoooooo** /ObnoxiousGameStreamerVoice"
"This is Richard he is my rc roomba. He has 2 brushless motors that run 2s he has fpv and the vacuum still works. Now name a more capable rc vehicle than Richard he can be a race car, spy vehicle, or vacuum but most importantly he is a good friend."
My useless dog treat robot now has tracking capabilities
"My robot arm, now actually capable of putting a water bottle down properly"
Boston dynamics doing their thing
"THE DEFINITION OF A ROBOT""a machine capable of carrying out a complex series of actions automatically, especially one programmable by a computer.

""

  


YOUR POWER TOOLS AND SIMPLE MOTORS AREN'T ROBOTS. YOUR FANS AREN'T ROBOTS. YOUR SHITTY TOYS AREN'T ROBOTS. YOUR THINGS THAT YOU DIDN'T FUCKING PROGRAM AND BUILD AND WIRE AND PLAN AREN'T **FUCKING ROBOTS**. STOP BEING KARMA WHORES AND EITHER LEARN ROBOTICS OR LEAVE IT TO THOSE WHO **DO KNOW.** 

  


**This sub has gone to fucking shit and it's depressing.**"
"Robot defies his master&#x200B;

[So I'm working on an open source creative robot named BERT that will teach people how to build a highly capable robot. I still have a lot of work to do before share everything, so in the mean time I have a little bit of cheesy fun with him. Sometimes, things don't work out as I plan. You can find more on YouTube if you like! https:\/\/www.youtube.com\/playlist?list=PL\_w0Zuy-lUXZhQadewP7wvTCywEd809nC](https://reddit.com/link/9dqbfy/video/khiak1omgqk11/player)"
Robot with painting skill
Robot With righting skill
Alexa Learned a New Skill
"""Hebocon is a robot sumo-wrestling tournament for those who don't have the technical skills to actually make robots"""
Amazing painting skills
Some impressive football skills
A bug I made 2 years ago with my supreme soldering skills
A week in the life of an internet controlled drawing robot!
Arcade claw machine [x-post /r/gifs]
"Where does one start their Shitty Robot journey?So, I'm still green to the robotics industry and did an industry shift to get here. I know how to program in oython and C++, I'm comfortable soldering and with electronics, and I can draft and have my own 3d printer.

I'm thankful for the opportunities I've had and want to expand my skills. I also want to hage a bunch of shitty bots in my home and to build up my pratical skills (primarily in programming and working with electronics).
Does anyone have any advice or suggestions on where to start and how to get my journey in bot building going?"
"I have an idea for a robot/machine but I‚Äôm not sure if it‚Äôs too shitty or not shitty enough.It would be a robot that would unshuffle a deck of cards.

I would attempt to make this but I have no programming or building skills

Edit: Also I would want it to be able to alphabetize word based card games like Apples to Apples or Cards Against Humanity."
"Nick's Non-fiction: MindhunterMy iMovie skills could be topped by a shitty robot  but not the laughs.

&#x200B;

John Douglas‚Äôs Mindhunter, a critically acclaimed Netflix series and thirty year New York Times Bestseller; biographies Douglas‚Äôs FBI career tracking the most devious criminals ever seen. These experiences are the inspiration for the blockbuster movie The Silence of the Lambs taking the readers to the darkest corners of their brain.

Nick's Non-fiction links:

YT: [https://youtu.be/6VBF4F5EzpA](https://youtu.be/6VBF4F5EzpA)

ApplePodcasts: [https://podcasts.apple.com/us/podcast...](https://www.youtube.com/redirect?event=video_description&v=GyDyoPWMpro&q=https%3A%2F%2Fpodcasts.apple.com%2Fus%2Fpodcast%2Fnicks-non-fiction%2Fid1450771426&redir_token=dfkCrfM0xHbVNYHU12y18hVdbn98MTU2OTk4NjIxMkAxNTY5ODk5ODEy)

Soundcloud [https://soundcloud.com/user-570445450](https://soundcloud.com/user-570445450)

Thanks for stopping by!"
"What is a shitty robot? [Meta]Is an ""intentionally shitty"" robot really shitty? It seems to me that the answer to this question can't be yes, as it performed as intended.

Is an intentionally shitty robot awesome? Well they don't inspire awe, as the engineering skill required is small. So, it seems once again that the answer cannot be yes. 

So I have to wonder, if it's neither awesome nor shitty, how does that sort of robot fit into this sub? "
"Hebocon World Cup 2016: Who will answer its siren's call?Hey all, 

Hebocon, a crappy robot competition that started in Japan, will be hosting a [World Cup in Japan on August 7th during the Tokyo Maker Faire](https://www.facebook.com/Hebocon.Official/?ref=br_rs&fref=nf). I run a similar competition in the US, Robot Riot, and I know that there are several US Hebocons. I also know there are a number of pretty successful Hebocons being hosted outside the US and Japan. Does anyone know if any countries will be sending representatives to Japan for the competition?  I'm contemplating forming a posse from the US to collectively compete in this...

I'm sure Hebocon has been posted here frequently but [here it is again for the unaware](https://www.youtube.com/watch?v=46ivFpsmEVQ). "
"Robot Riot - Shitty Robot Competition in Chicago Dec 9thHey all,

Have you ever wanted to see a shitty robots being shitty in person? If you're near Chicago then [you've got your chance](http://i.imgur.com/D3yVUyQ.png)! I will be hosting a [Hebocon-style](https://www.youtube.com/watch?v=46ivFpsmEVQ) robot fighting competition at Geek Bar in Chicago on December 9th! The technical limitations aren't as restrictive as a typical Hebocon's but rest assured this will be the Wrestlemania of robotics. Trophies, free booze, and glory await the victors. 

Entry is free but make sure to try out Geek Bar's awesome menu.

[Check out the Facebook event.](https://www.facebook.com/events/460165690858356/) Keep an eye out for an announcement for our January 23rd event at Gaming Under the Influence!

Interested in building a robot and competing? Email RobotRiotCompetition@gmail.com for details. Geek Bar, Robot City Workshop, and myself hold weekly meetings to help amateur builders make their dream machines so don't worry about a lack of technical experience!

I'll be sure to return here with a video of the matches."
"Since you guys liked the first post, I thought I‚Äôd at least show you guys the arm finally working properlyI know it isn‚Äôt really a ‚Äúshitty‚Äù robot (depending on who you ask) so if the mods take this down I fully understand."
Me and the bois made the robot to auto slap streamers depends on donation amount. What a time to be alive!
I made a robot bird to stop real birds attacking me.
Pokemon Let's Go Eevee Shiny Alolan Auto-trader
Found on Reddit. What if it starts following someone else?
"my Opensource Modular Robot Dog project (LOTP V2) is available on GitHub. Project Docs, Performance Values, Used Parts List, Codes & Flow Charts, Robot Step Files, Circuit Designs can be found on my GitHub page. And I am sharing Project Development Diary on a regular basis at my channel."
Peak performance requires much sacrifice
POS I made 4 years ago
Hammer probe has performance issues getting in the hole
Pastabot is what peak shitty performance looks like
A jar of mayonnaise that senses when its going up an escalator and plays the relevant ACDC cover
Robot performs ski driving stunt
Here's a video of the shitty robot I built performing tasks quite shittily.
AI writes and performes a christmas song!
Shitty but Cute Robots Perform Synchronized Dance
Motivation machine
We had to make a ball-throwing robot at uni
Not quite
Cute robot politely shows self-awareness
[OC] Shitty Bomb Disposal Robot
"Venice Beach on a Monday in November?heya streeties, I'm a New Zealand street performer.  I'll be in LA for  a single day and I'd love to try and work Venice beach.  Is there a draw time for timeslots or anything for circle shows?  Or is it just rock up chaos?"
"What is a shitty robot? [Meta]Is an ""intentionally shitty"" robot really shitty? It seems to me that the answer to this question can't be yes, as it performed as intended.

Is an intentionally shitty robot awesome? Well they don't inspire awe, as the engineering skill required is small. So, it seems once again that the answer cannot be yes. 

So I have to wonder, if it's neither awesome nor shitty, how does that sort of robot fit into this sub? "
Pshhh.. ethics...
Robot Basketball Sculpture I made for a Basketball Art Exhibit
Our first robot test (x-post from r/abruptchaos)
I made a Taser Drone to help me get a job in CS
Recreating The Working Conditions Of An Amazon Warehouse At Home.
"I built a thing that tases you every time you die in League of Legends (made with OCR in C#, an Arduino, and lack of self respect)"
A Robot That Bullies You
My pneumatic sorting machine is a gun instead.
"Prototype of winding machine. Sorry for posting something that is supposed to have real use :) , but now, as a prototype, it is in a genuine shitty phase. Written entirely in Python, including hardware design."
RC toy toilet wins genuine fighting robot match
Genuinely confused as to whether this is a human or not
"""Brian and Charles"" trailer"
"Life got you down? Need a bit of a pick-me-up? Jokebox3000 has you covered! With the latest infrared sensor and LCD, it'll tell a random joke every time you get near it!"
I added fingerprint reader to my 3-factor authentication cardboard box.
I made a tic-tac-toe playing robot with a bad attitude that always wins..sometimes (usually) by cheating... Full video in description!
Valorant AI Smokes & Flashes You IRL
Cheating tic-tac-toe robot
Its a Maze that Buzzes at you for Cheating
"Cheat Day, the robot you drive by holding hands and drinking beer."
"""Your move.... HOOMAN"""
When you can't memorize a single formula for your exam
I made a robot that cheats at rock paper scissors
"[fluff] I only play Gran Turismo Sport for occasional VR with a steering wheel, and wanted to unlock all the tracks right away. Here's how I did it."
[repost] Cheating at tic-tac-toe
Hey guys has anyone seen this cheating robot?
Slowest tic tac toe playing robot ever. Made by me
Head Hunting Drone Swarm
New Security Bot.. It's a little indiscriminate with the stabbings..
Campus no so secure now
DIY Security and Document Protection (Clearly the work of Genius)
A Building Security Robot
What started out as a covid-secure way of giving candy/sweets to trick-or-treaters turned into an abomination that detects motion and shoots confectionary at little kids with the power of RC drone motors.... Happy halloween?
We made this robot for a Makeathon hoping to secure an easy win
The paranoid security of this cardboard box. Epic loot.
Tide Pod Security Robot
Drone to help secure loose window on tall office building.
Shitty Security Door - GIF
"My motion detecting ""Security System"""
Tide Pod Security Robot
I built this super stoopid security system to stop people from trying to break in
"This creepy ""security robot"" stalked me in the produce section."
This shitty security-bot stupidly rolls around this parking lot doing nothing
the ultimate security system (a glorified nerf turret)
WIFI security guards... the future is now
Shrine to the drowned security robot. RIP
I made a shitty video reviewing the shitty Knightscope security bot
Stanford Shopping Center security robot injures kid...is a really crappy robot.
"Contest of "" "" walking "" "" robots in my mecanical engineering NIT"
He had one job ü§¶
"to be fair, it probably belongs more in here"
Poopba
Cow
"To be fair, this thing looks totally badass"
It makes me sad I had to make this.
Robocop‚Äôs lame little brother hobocop coming to a city near you!
"Hank, the Fix Or Repair Daily robot I saw at the state fair a few years ago."
"I made a robot that is NOT a s*x toy, seriously."
My Lego and Duct Tape arm won 1st place at the high school science fair!
What's it like feeding toddler you ask? Pretty sure this is a fairly accurate simulation.
Not sure if this qualifies but hilarious nonetheless.
Glasses for the Blind
Found at the Maker Faire today. One shitty robot to rule them all!
Two robot arms gang up to abuse a helpless cello (and the listening audience)
Shitty Robotic Claw Crane = Amazing Fun Fair Business
"Hebocon World Championship announced, August 7th during the Tokyo Maker Fair.[The Hebocon Facebook page](https://www.facebook.com/Hebocon.Official/?fref=nf) just announced the date and said it would follow up with more information soon.

[If you're not familiar with Hebocon here's a video about the first one in Tokyo.](https://www.youtube.com/watch?v=46ivFpsmEVQ) It sparked a lot of other Hebocons and similar competitions internationally since the original event and the competition's founder just hosted a few Hebocons during the recent San Francisco Bay Area Maker Faire. "
Hebocon World Championship Trailer Released. Fight Night is Aug 7 at the Tokyo Maker Faire[Here's the video since I can't directly link to Facebook.](https://www.facebook.com/Hebocon.Official/videos/909680969140377/)
"""Your move.... HOOMAN"""
The moment she realised roomba smeared dog poo all over the floor
Canny the Robot: Programming an Arduino with Headphones
even non-shitty robots can be shitty sometimes
Does this count?
YouTube ai has flagged robot combat as animal cruelty deleteing all videos.
"My 3D printed robot is already addicted to Reddit, please send help!"
I made a Taser Drone to help me get a job in CS
how can i(dumb human) program a toy drone without a connector or any firmware available ??????
Found on Reddit. What if it starts following someone else?
Glasses that turns off your lights when you close your eyes to help save on electricity bill... also it shocks you
Quad-Barrel Air Cannon helps me make pasta sauce
I tried helping but he kept going in the same area
Finally a Robot Designed to Help With a Real Human Problem
I made a robot to help me with my posture
Guy designs a robotic basketball hoop that uses facial recognition to help him and roast his opponent
"I never knew how to eat popcorn, finally something that will help me !"
WATCH ME BUILD A SHITTY ROBOT LIVE!!! Leave your ideas in the comments!
I made a robot to help me argue on the internet
I helped create a summer program for kids to make pet robots. This is the result.
I work in a seniors' home. This is a mechanical cat that helps dementia patients relax and focus. We also have puppies and BABIES.
"Made my very own Otto recently but his right foot keeps messing up. The servo‚Äôs should be aligned correctly and I‚Äôm not sure what‚Äôs up. If someone could help, that would be awesome!"
"""Father give me legs!"" Robot, now is helping me. He's such a nice guy"
Made This Robot to Help me Throw Knifes like Jett
A week in the life of an internet controlled drawing robot!
Surgery bot spends its time sewing grapes back together instead of helping people
New year diet aid.
Parenting Hack KitchenAid Bouncer w/ White Noise
Automatic Squeezing Shampoo Cream Aid
My very own shitty robot
"Our Sub and the RedesignAs some of you may have noticed, there is heavy controversy regarding the redesign. Among the talking points are flair limitations, CSS limitations, and having to moderate both the legacy and redesign versions of individual subreddits. All these issues will impact us. At ShittyRobots we strive for a fun, unique community experience; we do not want to lose that. We will temporarily be disabling our CSS in the hopes that the admins will take note of how much subs like our own rely on the customization tools that will be lost to the redesign.

# Solidarity

/r/baseball

/r/cfb

/r/collegebasketball

/r/NBA

/r/soccer

/r/colts

/r/hiphopheads

/r/Panthers

/r/squaredcircle

/r/buildapcsales

/r/GreenBayPackers

/r/hockey

/r/torontoraptors

/r/WWEChampions

/r/DenverBroncos

r/TennesseeTitans

r/reddevils

/r/AFL

/r/collegehockey

/r/Ducks

/r/NFL"
"Could be someone's kink, honestly."
Honestly just seems downright useful to me
Probably the shittiest robot i've ever made honestly
"Honestly, not feeling threatened."
I found one in the wild!
Robots are stealing our jobs!
Fedora tipping robot
"Just a friendly reminder - DARPA Robotics Challenge starts in 80 minutes!You can watch it here
http://www.theroboticschallenge.org

Honestly, I do not know if the RBC Finals content will fit this sub or not... but I hope for the best!

EDIT: It has started. They really lack proper comments, and they have no sound at all mostly. The viewers would really love to hear at least their engines working or something. Also they fucked up the sound channels and when I hear sound it's just one channel in my stereo, second channel stays silent. Really hurts you if you wear headphones.

One of the bots has stuck in the sand. Looks hilarious so far.

EDIT2: The list of the robots - http://spectrum.ieee.org/img/drc-finals-teams-v12-1240-1433383400346.png"
